Area_Name,Year,Group_Name,Sub_Group_Name,Victims_Above_50_Yrs,Victims_Total,Victims_Upto_10_15_Yrs,Victims_Upto_10_Yrs,Victims_Upto_15_18_Yrs,Victims_Upto_18_30_Yrs,Victims_Upto_30_50_Yrs
Andaman & Nicobar Islands,2001,Murder - Female Victims,2. Female Victims,,6,,,,4.0,2.0
Andhra Pradesh,2001,Murder - Female Victims,2. Female Victims,67.0,607,15.0,38.0,43.0,269.0,175.0
Arunachal Pradesh,2001,Murder - Female Victims,2. Female Victims,2.0,16,0.0,0.0,0.0,10.0,4.0
Assam,2001,Murder - Female Victims,2. Female Victims,11.0,128,8.0,4.0,23.0,45.0,37.0
Bihar,2001,Murder - Female Victims,2. Female Victims,12.0,366,0.0,0.0,40.0,191.0,123.0
Chandigarh,2001,Murder - Female Victims,2. Female Victims,3.0,5,0.0,0.0,0.0,1.0,1.0
Chhattisgarh,2001,Murder - Female Victims,2. Female Victims,63.0,549,14.0,38.0,38.0,214.0,182.0
Delhi,2001,Murder - Female Victims,2. Female Victims,14.0,152,2.0,12.0,9.0,74.0,41.0
Goa,2001,Murder - Female Victims,2. Female Victims,1.0,13,,,,4.0,8.0
Gujarat,2001,Murder - Female Victims,2. Female Victims,26.0,363,9.0,57.0,8.0,132.0,131.0
Haryana,2001,Murder - Female Victims,2. Female Victims,6.0,143,1.0,12.0,15.0,67.0,42.0
Himachal Pradesh,2001,Murder - Female Victims,2. Female Victims,6.0,39,1.0,1.0,1.0,11.0,19.0
Jammu & Kashmir,2001,Murder - Female Victims,2. Female Victims,24.0,187,13.0,2.0,27.0,68.0,53.0
Jharkhand,2001,Murder - Female Victims,2. Female Victims,24.0,291,0.0,0.0,39.0,126.0,102.0
Karnataka,2001,Murder - Female Victims,2. Female Victims,51.0,577,13.0,38.0,24.0,250.0,201.0
Kerala,2001,Murder - Female Victims,2. Female Victims,24.0,156,5.0,36.0,8.0,25.0,58.0
Lakshadweep,2001,Murder - Female Victims,2. Female Victims,0.0,2,1.0,1.0,0.0,0.0,0.0
Madhya Pradesh,2001,Murder - Female Victims,2. Female Victims,31.0,622,13.0,41.0,37.0,281.0,219.0
Maharashtra,2001,Murder - Female Victims,2. Female Victims,78.0,1068,28.0,76.0,41.0,555.0,290.0
Manipur,2001,Murder - Female Victims,2. Female Victims,1.0,8,,2.0,,2.0,3.0
Meghalaya,2001,Murder - Female Victims,2. Female Victims,0.0,6,0.0,0.0,0.0,4.0,2.0
Mizoram,2001,Murder - Female Victims,2. Female Victims,0.0,12,0.0,0.0,0.0,9.0,3.0
Nagaland,2001,Murder - Female Victims,2. Female Victims,0.0,2,0.0,0.0,2.0,0.0,0.0
Odisha,2001,Murder - Female Victims,2. Female Victims,26.0,260,0.0,0.0,13.0,140.0,81.0
Puducherry,2001,Murder - Female Victims,2. Female Victims,,10,,,1.0,5.0,4.0
Punjab,2001,Murder - Female Victims,2. Female Victims,11.0,203,1.0,3.0,21.0,90.0,77.0
Rajasthan,2001,Murder - Female Victims,2. Female Victims,32.0,248,4.0,8.0,15.0,108.0,81.0
Sikkim,2001,Murder - Female Victims,2. Female Victims,,6,,,,1.0,5.0
Tamil Nadu,2001,Murder - Female Victims,2. Female Victims,34.0,525,8.0,5.0,113.0,174.0,191.0
Tripura,2001,Murder - Female Victims,2. Female Victims,2.0,9,,,2.0,3.0,2.0
Uttar Pradesh,2001,Murder - Female Victims,2. Female Victims,102.0,1323,65.0,10.0,103.0,626.0,417.0
Uttarakhand,2001,Murder - Female Victims,2. Female Victims,4.0,110,2.0,2.0,1.0,72.0,29.0
West Bengal,2001,Murder - Female Victims,2. Female Victims,12.0,358,0.0,0.0,1.0,213.0,132.0
Andaman & Nicobar Islands,2002,Murder - Female Victims,2. Female Victims,0.0,7,0.0,0.0,1.0,2.0,4.0
Andhra Pradesh,2002,Murder - Female Victims,2. Female Victims,81.0,662,17.0,5.0,3.0,371.0,185.0
Arunachal Pradesh,2002,Murder - Female Victims,2. Female Victims,,4,,,,3.0,1.0
Assam,2002,Murder - Female Victims,2. Female Victims,4.0,111,0.0,0.0,0.0,64.0,43.0
Bihar,2002,Murder - Female Victims,2. Female Victims,6.0,397,0.0,3.0,2.0,242.0,144.0
Chandigarh,2002,Murder - Female Victims,2. Female Victims,2.0,9,0.0,1.0,0.0,3.0,3.0
Chhattisgarh,2002,Murder - Female Victims,2. Female Victims,26.0,228,2.0,5.0,2.0,111.0,82.0
Dadra & Nagar Haveli,2002,Murder - Female Victims,2. Female Victims,0.0,1,0.0,0.0,0.0,0.0,1.0
Daman & Diu,2002,Murder - Female Victims,2. Female Victims,0.0,2,0.0,0.0,0.0,2.0,0.0
Delhi,2002,Murder - Female Victims,2. Female Victims,14.0,130,3.0,6.0,2.0,69.0,36.0
Goa,2002,Murder - Female Victims,2. Female Victims,4.0,7,,,,1.0,2.0
Gujarat,2002,Murder - Female Victims,2. Female Victims,67.0,594,25.0,57.0,11.0,252.0,182.0
Haryana,2002,Murder - Female Victims,2. Female Victims,6.0,156,3.0,2.0,1.0,97.0,47.0
Himachal Pradesh,2002,Murder - Female Victims,2. Female Victims,1.0,34,0.0,2.0,2.0,19.0,10.0
Jammu & Kashmir,2002,Murder - Female Victims,2. Female Victims,7.0,163,0.0,0.0,0.0,71.0,85.0
Jharkhand,2002,Murder - Female Victims,2. Female Victims,56.0,306,1.0,1.0,1.0,140.0,107.0
Karnataka,2002,Murder - Female Victims,2. Female Victims,25.0,595,0.0,7.0,3.0,346.0,214.0
Kerala,2002,Murder - Female Victims,2. Female Victims,27.0,155,5.0,44.0,2.0,31.0,46.0
Madhya Pradesh,2002,Murder - Female Victims,2. Female Victims,71.0,537,5.0,2.0,7.0,258.0,194.0
Maharashtra,2002,Murder - Female Victims,2. Female Victims,78.0,966,27.0,75.0,18.0,475.0,293.0
Manipur,2002,Murder - Female Victims,2. Female Victims,1.0,14,0.0,0.0,0.0,7.0,6.0
Meghalaya,2002,Murder - Female Victims,2. Female Victims,1.0,25,0.0,1.0,0.0,3.0,20.0
Mizoram,2002,Murder - Female Victims,2. Female Victims,0.0,9,0.0,0.0,0.0,8.0,1.0
Nagaland,2002,Murder - Female Victims,2. Female Victims,0.0,3,0.0,0.0,0.0,1.0,2.0
Odisha,2002,Murder - Female Victims,2. Female Victims,25.0,346,0.0,3.0,0.0,201.0,117.0
Puducherry,2002,Murder - Female Victims,2. Female Victims,1.0,11,,1.0,,1.0,8.0
Punjab,2002,Murder - Female Victims,2. Female Victims,5.0,141,2.0,1.0,2.0,74.0,57.0
Rajasthan,2002,Murder - Female Victims,2. Female Victims,16.0,261,1.0,10.0,1.0,131.0,102.0
Tamil Nadu,2002,Murder - Female Victims,2. Female Victims,66.0,518,8.0,18.0,2.0,259.0,165.0
Tripura,2002,Murder - Female Victims,2. Female Victims,,12,,,0.0,10.0,2.0
Uttar Pradesh,2002,Murder - Female Victims,2. Female Victims,73.0,1453,57.0,7.0,84.0,724.0,508.0
Uttarakhand,2002,Murder - Female Victims,2. Female Victims,3.0,67,2.0,,2.0,23.0,37.0
West Bengal,2002,Murder - Female Victims,2. Female Victims,9.0,272,0.0,3.0,0.0,188.0,72.0
Andaman & Nicobar Islands,2003,Murder - Female Victims,2. Female Victims,1.0,9,0.0,1.0,0.0,2.0,5.0
Andhra Pradesh,2003,Murder - Female Victims,2. Female Victims,74.0,737,8.0,8.0,12.0,378.0,257.0
Arunachal Pradesh,2003,Murder - Female Victims,2. Female Victims,0.0,0,0.0,0.0,0.0,0.0,0.0
Assam,2003,Murder - Female Victims,2. Female Victims,4.0,103,0.0,0.0,0.0,68.0,31.0
Bihar,2003,Murder - Female Victims,2. Female Victims,6.0,393,0.0,3.0,2.0,235.0,147.0
Chandigarh,2003,Murder - Female Victims,2. Female Victims,1.0,6,1.0,1.0,0.0,3.0,0.0
Chhattisgarh,2003,Murder - Female Victims,2. Female Victims,30.0,216,4.0,9.0,1.0,84.0,88.0
Dadra & Nagar Haveli,2003,Murder - Female Victims,2. Female Victims,1.0,3,,,,1.0,1.0
Daman & Diu,2003,Murder - Female Victims,2. Female Victims,0.0,0,0.0,0.0,0.0,0.0,0.0
Delhi,2003,Murder - Female Victims,2. Female Victims,23.0,131,6.0,8.0,7.0,44.0,43.0
Goa,2003,Murder - Female Victims,2. Female Victims,4.0,14,,,,5.0,5.0
Gujarat,2003,Murder - Female Victims,2. Female Victims,33.0,356,1.0,29.0,3.0,160.0,130.0
Haryana,2003,Murder - Female Victims,2. Female Victims,8.0,151,1.0,1.0,7.0,93.0,41.0
Himachal Pradesh,2003,Murder - Female Victims,2. Female Victims,5.0,34,0.0,0.0,1.0,12.0,16.0
Jammu & Kashmir,2003,Murder - Female Victims,2. Female Victims,3.0,102,0.0,0.0,0.0,57.0,42.0
Jharkhand,2003,Murder - Female Victims,2. Female Victims,30.0,396,1.0,2.0,1.0,177.0,185.0
Karnataka,2003,Murder - Female Victims,2. Female Victims,39.0,525,12.0,50.0,21.0,249.0,154.0
Kerala,2003,Murder - Female Victims,2. Female Victims,22.0,126,3.0,15.0,3.0,28.0,55.0
Madhya Pradesh,2003,Murder - Female Victims,2. Female Victims,50.0,454,4.0,16.0,39.0,194.0,151.0
Maharashtra,2003,Murder - Female Victims,2. Female Victims,70.0,996,22.0,79.0,18.0,533.0,274.0
Manipur,2003,Murder - Female Victims,2. Female Victims,0.0,11,0.0,1.0,0.0,8.0,2.0
Meghalaya,2003,Murder - Female Victims,2. Female Victims,1.0,10,0.0,0.0,2.0,4.0,3.0
Mizoram,2003,Murder - Female Victims,2. Female Victims,,9,,,,5.0,4.0
Nagaland,2003,Murder - Female Victims,2. Female Victims,0.0,6,0.0,0.0,0.0,5.0,1.0
Odisha,2003,Murder - Female Victims,2. Female Victims,21.0,333,0.0,3.0,3.0,178.0,128.0
Puducherry,2003,Murder - Female Victims,2. Female Victims,2.0,8,1.0,,,3.0,2.0
Punjab,2003,Murder - Female Victims,2. Female Victims,18.0,175,2.0,3.0,2.0,89.0,61.0
Rajasthan,2003,Murder - Female Victims,2. Female Victims,34.0,271,3.0,2.0,3.0,123.0,106.0
Sikkim,2003,Murder - Female Victims,2. Female Victims,,6,,1.0,,4.0,1.0
Tamil Nadu,2003,Murder - Female Victims,2. Female Victims,83.0,543,7.0,7.0,25.0,239.0,182.0
Tripura,2003,Murder - Female Victims,2. Female Victims,,23,,,0.0,18.0,5.0
Uttar Pradesh,2003,Murder - Female Victims,2. Female Victims,75.0,999,58.0,8.0,86.0,427.0,345.0
Uttarakhand,2003,Murder - Female Victims,2. Female Victims,2.0,62,0.0,0.0,2.0,28.0,30.0
West Bengal,2003,Murder - Female Victims,2. Female Victims,10.0,297,2.0,2.0,2.0,186.0,95.0
Andaman & Nicobar Islands,2004,Murder - Female Victims,2. Female Victims,0.0,5,0.0,0.0,0.0,0.0,5.0
Andhra Pradesh,2004,Murder - Female Victims,2. Female Victims,63.0,655,10.0,13.0,14.0,301.0,254.0
Arunachal Pradesh,2004,Murder - Female Victims,2. Female Victims,0.0,2,0.0,0.0,0.0,0.0,2.0
Assam,2004,Murder - Female Victims,2. Female Victims,4.0,84,0.0,0.0,0.0,55.0,25.0
Bihar,2004,Murder - Female Victims,2. Female Victims,10.0,425,4.0,2.0,0.0,269.0,140.0
Chandigarh,2004,Murder - Female Victims,2. Female Victims,0.0,8,0.0,2.0,0.0,3.0,3.0
Chhattisgarh,2004,Murder - Female Victims,2. Female Victims,32.0,269,5.0,5.0,7.0,96.0,124.0
Dadra & Nagar Haveli,2004,Murder - Female Victims,2. Female Victims,0.0,2,0.0,2.0,0.0,0.0,0.0
Daman & Diu,2004,Murder - Female Victims,2. Female Victims,,1,,,,1.0,
Delhi,2004,Murder - Female Victims,2. Female Victims,16.0,125,7.0,14.0,7.0,51.0,30.0
Goa,2004,Murder - Female Victims,2. Female Victims,5.0,17,1.0,,,7.0,4.0
Gujarat,2004,Murder - Female Victims,2. Female Victims,25.0,340,2.0,53.0,6.0,157.0,97.0
Haryana,2004,Murder - Female Victims,2. Female Victims,6.0,159,0.0,0.0,2.0,100.0,51.0
Himachal Pradesh,2004,Murder - Female Victims,2. Female Victims,4.0,25,0.0,1.0,3.0,7.0,10.0
Jammu & Kashmir,2004,Murder - Female Victims,2. Female Victims,12.0,107,,1.0,,58.0,36.0
Jharkhand,2004,Murder - Female Victims,2. Female Victims,30.0,399,1.0,2.0,1.0,179.0,186.0
Karnataka,2004,Murder - Female Victims,2. Female Victims,51.0,561,0.0,23.0,2.0,313.0,172.0
Kerala,2004,Murder - Female Victims,2. Female Victims,29.0,137,6.0,16.0,2.0,26.0,58.0
Madhya Pradesh,2004,Murder - Female Victims,2. Female Victims,51.0,494,4.0,1.0,18.0,262.0,158.0
Maharashtra,2004,Murder - Female Victims,2. Female Victims,87.0,1004,10.0,69.0,16.0,523.0,299.0
Manipur,2004,Murder - Female Victims,2. Female Victims,1.0,15,0.0,0.0,0.0,8.0,6.0
Meghalaya,2004,Murder - Female Victims,2. Female Victims,0.0,8,0.0,0.0,1.0,6.0,1.0
Mizoram,2004,Murder - Female Victims,2. Female Victims,1.0,4,0.0,0.0,0.0,2.0,1.0
Nagaland,2004,Murder - Female Victims,2. Female Victims,0.0,17,0.0,0.0,0.0,8.0,9.0
Odisha,2004,Murder - Female Victims,2. Female Victims,18.0,357,3.0,1.0,0.0,221.0,114.0
Puducherry,2004,Murder - Female Victims,2. Female Victims,0.0,3,,,,1.0,2.0
Punjab,2004,Murder - Female Victims,2. Female Victims,17.0,194,4.0,13.0,2.0,84.0,74.0
Rajasthan,2004,Murder - Female Victims,2. Female Victims,34.0,287,2.0,4.0,2.0,146.0,99.0
Sikkim,2004,Murder - Female Victims,2. Female Victims,1.0,5,0.0,2.0,0.0,2.0,0.0
Tamil Nadu,2004,Murder - Female Victims,2. Female Victims,56.0,493,6.0,34.0,0.0,240.0,157.0
Tripura,2004,Murder - Female Victims,2. Female Victims,6.0,44,1.0,0.0,0.0,27.0,10.0
Uttar Pradesh,2004,Murder - Female Victims,2. Female Victims,86.0,1401,71.0,56.0,124.0,613.0,451.0
Uttarakhand,2004,Murder - Female Victims,2. Female Victims,5.0,47,0.0,2.0,0.0,22.0,18.0
West Bengal,2004,Murder - Female Victims,2. Female Victims,14.0,425,1.0,1.0,0.0,218.0,191.0
Andaman & Nicobar Islands,2005,Murder - Female Victims,2. Female Victims,,4,,,,1.0,3.0
Andhra Pradesh,2005,Murder - Female Victims,2. Female Victims,68.0,722,7.0,14.0,7.0,324.0,302.0
Arunachal Pradesh,2005,Murder - Female Victims,2. Female Victims,0.0,1,0.0,0.0,0.0,1.0,0.0
Assam,2005,Murder - Female Victims,2. Female Victims,4.0,65,0.0,0.0,0.0,42.0,19.0
Bihar,2005,Murder - Female Victims,2. Female Victims,16.0,442,2.0,9.0,3.0,310.0,102.0
Chandigarh,2005,Murder - Female Victims,2. Female Victims,1.0,3,0.0,1.0,0.0,1.0,0.0
Chhattisgarh,2005,Murder - Female Victims,2. Female Victims,35.0,323,6.0,4.0,5.0,125.0,148.0
Delhi,2005,Murder - Female Victims,2. Female Victims,15.0,158,3.0,7.0,3.0,87.0,43.0
Goa,2005,Murder - Female Victims,2. Female Victims,1.0,14,,3.0,,7.0,3.0
Gujarat,2005,Murder - Female Victims,2. Female Victims,31.0,346,8.0,29.0,2.0,125.0,151.0
Haryana,2005,Murder - Female Victims,2. Female Victims,15.0,143,1.0,3.0,4.0,80.0,40.0
Himachal Pradesh,2005,Murder - Female Victims,2. Female Victims,1.0,36,0.0,3.0,3.0,13.0,16.0
Jammu & Kashmir,2005,Murder - Female Victims,2. Female Victims,0.0,102,0.0,2.0,0.0,64.0,36.0
Jharkhand,2005,Murder - Female Victims,2. Female Victims,16.0,173,6.0,0.0,44.0,62.0,45.0
Karnataka,2005,Murder - Female Victims,2. Female Victims,51.0,585,2.0,17.0,3.0,306.0,206.0
Kerala,2005,Murder - Female Victims,2. Female Victims,30.0,147,7.0,36.0,,25.0,49.0
Lakshadweep,2005,Murder - Female Victims,2. Female Victims,,1,,,,1.0,
Madhya Pradesh,2005,Murder - Female Victims,2. Female Victims,56.0,528,15.0,10.0,20.0,248.0,179.0
Maharashtra,2005,Murder - Female Victims,2. Female Victims,67.0,980,17.0,77.0,19.0,488.0,312.0
Manipur,2005,Murder - Female Victims,2. Female Victims,0.0,19,1.0,1.0,1.0,12.0,4.0
Meghalaya,2005,Murder - Female Victims,2. Female Victims,2.0,19,0.0,1.0,4.0,8.0,4.0
Mizoram,2005,Murder - Female Victims,2. Female Victims,1.0,4,0.0,0.0,0.0,2.0,1.0
Nagaland,2005,Murder - Female Victims,2. Female Victims,2.0,17,0.0,0.0,0.0,13.0,2.0
Odisha,2005,Murder - Female Victims,2. Female Victims,32.0,326,2.0,1.0,3.0,162.0,126.0
Puducherry,2005,Murder - Female Victims,2. Female Victims,3.0,9,,,,5.0,1.0
Punjab,2005,Murder - Female Victims,2. Female Victims,13.0,187,4.0,4.0,1.0,87.0,78.0
Rajasthan,2005,Murder - Female Victims,2. Female Victims,29.0,296,4.0,14.0,9.0,124.0,116.0
Sikkim,2005,Murder - Female Victims,2. Female Victims,,4,,,,2.0,2.0
Tamil Nadu,2005,Murder - Female Victims,2. Female Victims,65.0,462,7.0,32.0,,199.0,159.0
Tripura,2005,Murder - Female Victims,2. Female Victims,4.0,64,,1.0,0.0,49.0,10.0
Uttar Pradesh,2005,Murder - Female Victims,2. Female Victims,71.0,1354,59.0,19.0,63.0,695.0,447.0
Uttarakhand,2005,Murder - Female Victims,2. Female Victims,1.0,53,0.0,2.0,0.0,25.0,25.0
West Bengal,2005,Murder - Female Victims,2. Female Victims,14.0,365,1.0,0.0,0.0,269.0,81.0
Andaman & Nicobar Islands,2006,Murder - Female Victims,2. Female Victims,,1,,,,,1.0
Andhra Pradesh,2006,Murder - Female Victims,2. Female Victims,80.0,744,9.0,16.0,11.0,322.0,306.0
Arunachal Pradesh,2006,Murder - Female Victims,2. Female Victims,0.0,0,0.0,0.0,0.0,0.0,0.0
Assam,2006,Murder - Female Victims,2. Female Victims,2.0,76,0.0,0.0,0.0,43.0,31.0
Bihar,2006,Murder - Female Victims,2. Female Victims,8.0,413,1.0,2.0,2.0,282.0,118.0
Chandigarh,2006,Murder - Female Victims,2. Female Victims,3.0,4,0.0,0.0,0.0,0.0,1.0
Chhattisgarh,2006,Murder - Female Victims,2. Female Victims,40.0,336,7.0,4.0,10.0,159.0,116.0
Dadra & Nagar Haveli,2006,Murder - Female Victims,2. Female Victims,0.0,3,0.0,0.0,0.0,2.0,1.0
Daman & Diu,2006,Murder - Female Victims,2. Female Victims,0.0,2,0.0,2.0,0.0,0.0,0.0
Delhi,2006,Murder - Female Victims,2. Female Victims,8.0,128,2.0,12.0,8.0,75.0,23.0
Goa,2006,Murder - Female Victims,2. Female Victims,3.0,10,,,1.0,4.0,2.0
Gujarat,2006,Murder - Female Victims,2. Female Victims,29.0,366,4.0,34.0,3.0,150.0,146.0
Haryana,2006,Murder - Female Victims,2. Female Victims,8.0,156,1.0,0.0,2.0,90.0,55.0
Himachal Pradesh,2006,Murder - Female Victims,2. Female Victims,5.0,31,1.0,1.0,0.0,11.0,13.0
Jammu & Kashmir,2006,Murder - Female Victims,2. Female Victims,1.0,76,1.0,0.0,5.0,37.0,32.0
Jharkhand,2006,Murder - Female Victims,2. Female Victims,33.0,214,1.0,1.0,38.0,83.0,58.0
Karnataka,2006,Murder - Female Victims,2. Female Victims,64.0,588,3.0,30.0,2.0,294.0,195.0
Kerala,2006,Murder - Female Victims,2. Female Victims,27.0,138,3.0,35.0,2.0,30.0,41.0
Madhya Pradesh,2006,Murder - Female Victims,2. Female Victims,74.0,510,14.0,14.0,22.0,200.0,186.0
Maharashtra,2006,Murder - Female Victims,2. Female Victims,76.0,995,14.0,75.0,27.0,482.0,321.0
Manipur,2006,Murder - Female Victims,2. Female Victims,1.0,9,0.0,0.0,1.0,5.0,2.0
Meghalaya,2006,Murder - Female Victims,2. Female Victims,0.0,11,0.0,1.0,0.0,7.0,3.0
Mizoram,2006,Murder - Female Victims,2. Female Victims,0.0,3,0.0,0.0,0.0,3.0,0.0
Nagaland,2006,Murder - Female Victims,2. Female Victims,2.0,8,0.0,0.0,0.0,3.0,3.0
Odisha,2006,Murder - Female Victims,2. Female Victims,12.0,384,0.0,3.0,2.0,192.0,175.0
Puducherry,2006,Murder - Female Victims,2. Female Victims,1.0,9,,,,3.0,5.0
Punjab,2006,Murder - Female Victims,2. Female Victims,24.0,237,5.0,3.0,4.0,120.0,81.0
Rajasthan,2006,Murder - Female Victims,2. Female Victims,30.0,249,6.0,11.0,6.0,113.0,83.0
Sikkim,2006,Murder - Female Victims,2. Female Victims,1.0,7,,,,3.0,3.0
Tamil Nadu,2006,Murder - Female Victims,2. Female Victims,82.0,515,9.0,33.0,4.0,206.0,181.0
Tripura,2006,Murder - Female Victims,2. Female Victims,4.0,34,,,,22.0,8.0
Uttar Pradesh,2006,Murder - Female Victims,2. Female Victims,57.0,927,63.0,11.0,82.0,408.0,306.0
Uttarakhand,2006,Murder - Female Victims,2. Female Victims,2.0,55,0.0,2.0,1.0,17.0,33.0
West Bengal,2006,Murder - Female Victims,2. Female Victims,17.0,447,0.0,0.0,0.0,335.0,95.0
Andaman & Nicobar Islands,2007,Murder - Female Victims,2. Female Victims,1.0,6,,,,3.0,2.0
Andhra Pradesh,2007,Murder - Female Victims,2. Female Victims,67.0,886,16.0,26.0,10.0,415.0,352.0
Arunachal Pradesh,2007,Murder - Female Victims,2. Female Victims,0.0,3,0.0,0.0,0.0,3.0,0.0
Assam,2007,Murder - Female Victims,2. Female Victims,0.0,88,0.0,0.0,0.0,51.0,37.0
Bihar,2007,Murder - Female Victims,2. Female Victims,14.0,390,0.0,4.0,15.0,237.0,120.0
Chandigarh,2007,Murder - Female Victims,2. Female Victims,1.0,6,0.0,2.0,0.0,3.0,0.0
Chhattisgarh,2007,Murder - Female Victims,2. Female Victims,71.0,310,4.0,3.0,3.0,100.0,129.0
Dadra & Nagar Haveli,2007,Murder - Female Victims,2. Female Victims,,4,,,,2.0,2.0
Daman & Diu,2007,Murder - Female Victims,2. Female Victims,0.0,1,0.0,0.0,0.0,1.0,0.0
Delhi,2007,Murder - Female Victims,2. Female Victims,13.0,127,3.0,10.0,5.0,71.0,25.0
Goa,2007,Murder - Female Victims,2. Female Victims,4.0,16,,2.0,,6.0,4.0
Gujarat,2007,Murder - Female Victims,2. Female Victims,28.0,314,5.0,33.0,5.0,117.0,126.0
Haryana,2007,Murder - Female Victims,2. Female Victims,7.0,167,8.0,14.0,9.0,84.0,45.0
Himachal Pradesh,2007,Murder - Female Victims,2. Female Victims,2.0,35,1.0,2.0,1.0,15.0,14.0
Jammu & Kashmir,2007,Murder - Female Victims,2. Female Victims,2.0,40,0.0,0.0,0.0,26.0,12.0
Jharkhand,2007,Murder - Female Victims,2. Female Victims,27.0,237,1.0,2.0,5.0,87.0,115.0
Karnataka,2007,Murder - Female Victims,2. Female Victims,41.0,505,4.0,17.0,6.0,289.0,148.0
Kerala,2007,Murder - Female Victims,2. Female Victims,28.0,141,1.0,22.0,4.0,34.0,52.0
Madhya Pradesh,2007,Murder - Female Victims,2. Female Victims,64.0,551,7.0,33.0,11.0,253.0,183.0
Maharashtra,2007,Murder - Female Victims,2. Female Victims,89.0,1014,15.0,73.0,19.0,521.0,297.0
Manipur,2007,Murder - Female Victims,2. Female Victims,2.0,20,0.0,0.0,2.0,8.0,8.0
Meghalaya,2007,Murder - Female Victims,2. Female Victims,0.0,7,0.0,2.0,0.0,3.0,2.0
Mizoram,2007,Murder - Female Victims,2. Female Victims,0.0,18,1.0,0.0,1.0,11.0,5.0
Nagaland,2007,Murder - Female Victims,2. Female Victims,0.0,14,0.0,1.0,1.0,9.0,3.0
Odisha,2007,Murder - Female Victims,2. Female Victims,6.0,372,2.0,2.0,4.0,242.0,116.0
Puducherry,2007,Murder - Female Victims,2. Female Victims,2.0,10,,1.0,,4.0,3.0
Punjab,2007,Murder - Female Victims,2. Female Victims,18.0,225,5.0,3.0,4.0,120.0,75.0
Rajasthan,2007,Murder - Female Victims,2. Female Victims,25.0,319,12.0,10.0,6.0,143.0,123.0
Sikkim,2007,Murder - Female Victims,2. Female Victims,,3,1.0,,,2.0,
Tamil Nadu,2007,Murder - Female Victims,2. Female Victims,86.0,604,8.0,31.0,3.0,261.0,215.0
Tripura,2007,Murder - Female Victims,2. Female Victims,8.0,50,,3.0,2.0,19.0,18.0
Uttar Pradesh,2007,Murder - Female Victims,2. Female Victims,68.0,899,63.0,24.0,74.0,382.0,288.0
Uttarakhand,2007,Murder - Female Victims,2. Female Victims,7.0,77,3.0,2.0,,53.0,12.0
West Bengal,2007,Murder - Female Victims,2. Female Victims,21.0,647,0.0,7.0,3.0,441.0,175.0
Andaman & Nicobar Islands,2008,Murder - Female Victims,2. Female Victims,,2,2.0,,,,
Andhra Pradesh,2008,Murder - Female Victims,2. Female Victims,82.0,830,7.0,25.0,9.0,411.0,296.0
Arunachal Pradesh,2008,Murder - Female Victims,2. Female Victims,0.0,1,0.0,0.0,0.0,0.0,1.0
Assam,2008,Murder - Female Victims,2. Female Victims,0.0,103,0.0,0.0,0.0,61.0,42.0
Bihar,2008,Murder - Female Victims,2. Female Victims,18.0,637,8.0,12.0,12.0,436.0,151.0
Chandigarh,2008,Murder - Female Victims,2. Female Victims,1.0,6,0.0,0.0,0.0,3.0,2.0
Chhattisgarh,2008,Murder - Female Victims,2. Female Victims,40.0,363,7.0,10.0,27.0,129.0,150.0
Dadra & Nagar Haveli,2008,Murder - Female Victims,2. Female Victims,1.0,4,1.0,,,,2.0
Daman & Diu,2008,Murder - Female Victims,2. Female Victims,,0,,,,0.0,
Delhi,2008,Murder - Female Victims,2. Female Victims,7.0,116,1.0,4.0,2.0,63.0,39.0
Goa,2008,Murder - Female Victims,2. Female Victims,5.0,20,1.0,2.0,0.0,8.0,4.0
Gujarat,2008,Murder - Female Victims,2. Female Victims,29.0,340,3.0,24.0,2.0,137.0,145.0
Haryana,2008,Murder - Female Victims,2. Female Victims,12.0,185,5.0,3.0,5.0,97.0,63.0
Himachal Pradesh,2008,Murder - Female Victims,2. Female Victims,4.0,36,2.0,1.0,3.0,10.0,16.0
Jammu & Kashmir,2008,Murder - Female Victims,2. Female Victims,2.0,30,0.0,0.0,0.0,13.0,15.0
Jharkhand,2008,Murder - Female Victims,2. Female Victims,25.0,266,0.0,2.0,1.0,115.0,123.0
Karnataka,2008,Murder - Female Victims,2. Female Victims,43.0,624,17.0,49.0,14.0,272.0,229.0
Kerala,2008,Murder - Female Victims,2. Female Victims,23.0,128,5.0,25.0,,24.0,51.0
Lakshadweep,2008,Murder - Female Victims,2. Female Victims,,1,,,,,1.0
Madhya Pradesh,2008,Murder - Female Victims,2. Female Victims,64.0,516,13.0,11.0,6.0,235.0,187.0
Maharashtra,2008,Murder - Female Victims,2. Female Victims,73.0,1049,11.0,62.0,21.0,541.0,341.0
Manipur,2008,Murder - Female Victims,2. Female Victims,0.0,19,0.0,2.0,0.0,9.0,8.0
Meghalaya,2008,Murder - Female Victims,2. Female Victims,0.0,15,0.0,0.0,0.0,11.0,4.0
Mizoram,2008,Murder - Female Victims,2. Female Victims,0.0,2,0.0,0.0,0.0,1.0,1.0
Nagaland,2008,Murder - Female Victims,2. Female Victims,0.0,6,0.0,0.0,0.0,5.0,1.0
Odisha,2008,Murder - Female Victims,2. Female Victims,47.0,545,2.0,2.0,0.0,257.0,237.0
Puducherry,2008,Murder - Female Victims,2. Female Victims,2.0,8,,,,5.0,1.0
Punjab,2008,Murder - Female Victims,2. Female Victims,17.0,219,5.0,3.0,7.0,120.0,67.0
Rajasthan,2008,Murder - Female Victims,2. Female Victims,30.0,287,6.0,8.0,12.0,129.0,102.0
Sikkim,2008,Murder - Female Victims,2. Female Victims,,3,,,,3.0,
Tamil Nadu,2008,Murder - Female Victims,2. Female Victims,93.0,624,3.0,45.0,4.0,233.0,246.0
Tripura,2008,Murder - Female Victims,2. Female Victims,4.0,63,2.0,3.0,1.0,36.0,17.0
Uttar Pradesh,2008,Murder - Female Victims,2. Female Victims,65.0,840,55.0,30.0,73.0,360.0,257.0
Uttarakhand,2008,Murder - Female Victims,2. Female Victims,3.0,48,,,,29.0,16.0
West Bengal,2008,Murder - Female Victims,2. Female Victims,16.0,250,0.0,1.0,5.0,175.0,53.0
Andaman & Nicobar Islands,2009,Murder - Female Victims,2. Female Victims,,8,,1.0,,3.0,4.0
Andhra Pradesh,2009,Murder - Female Victims,2. Female Victims,91.0,800,6.0,18.0,7.0,379.0,299.0
Arunachal Pradesh,2009,Murder - Female Victims,2. Female Victims,0.0,1,0.0,0.0,0.0,1.0,0.0
Assam,2009,Murder - Female Victims,2. Female Victims,0.0,97,0.0,0.0,0.0,62.0,35.0
Bihar,2009,Murder - Female Victims,2. Female Victims,18.0,672,5.0,9.0,27.0,439.0,174.0
Chandigarh,2009,Murder - Female Victims,2. Female Victims,0.0,3,0.0,0.0,0.0,1.0,2.0
Chhattisgarh,2009,Murder - Female Victims,2. Female Victims,44.0,326,2.0,15.0,7.0,124.0,134.0
Dadra & Nagar Haveli,2009,Murder - Female Victims,2. Female Victims,,6,,,,3.0,3.0
Daman & Diu,2009,Murder - Female Victims,2. Female Victims,,1,,,,1.0,
Delhi,2009,Murder - Female Victims,2. Female Victims,18.0,126,4.0,13.0,2.0,48.0,41.0
Goa,2009,Murder - Female Victims,2. Female Victims,3.0,31,0.0,1.0,1.0,14.0,12.0
Gujarat,2009,Murder - Female Victims,2. Female Victims,34.0,325,6.0,34.0,2.0,120.0,129.0
Haryana,2009,Murder - Female Victims,2. Female Victims,15.0,221,2.0,0.0,2.0,96.0,106.0
Himachal Pradesh,2009,Murder - Female Victims,2. Female Victims,9.0,39,1.0,4.0,1.0,10.0,14.0
Jammu & Kashmir,2009,Murder - Female Victims,2. Female Victims,4.0,46,0.0,0.0,0.0,26.0,16.0
Jharkhand,2009,Murder - Female Victims,2. Female Victims,8.0,201,1.0,1.0,0.0,119.0,72.0
Karnataka,2009,Murder - Female Victims,2. Female Victims,66.0,679,9.0,16.0,7.0,335.0,246.0
Kerala,2009,Murder - Female Victims,2. Female Victims,18.0,109,4.0,17.0,5.0,20.0,45.0
Madhya Pradesh,2009,Murder - Female Victims,2. Female Victims,77.0,625,11.0,18.0,11.0,277.0,231.0
Maharashtra,2009,Murder - Female Victims,2. Female Victims,104.0,1000,15.0,79.0,18.0,490.0,294.0
Manipur,2009,Murder - Female Victims,2. Female Victims,2.0,18,1.0,2.0,1.0,5.0,7.0
Meghalaya,2009,Murder - Female Victims,2. Female Victims,1.0,22,0.0,0.0,3.0,16.0,2.0
Mizoram,2009,Murder - Female Victims,2. Female Victims,0.0,3,0.0,0.0,0.0,3.0,
Nagaland,2009,Murder - Female Victims,2. Female Victims,0.0,9,0.0,0.0,0.0,9.0,0.0
Odisha,2009,Murder - Female Victims,2. Female Victims,40.0,460,1.0,3.0,0.0,215.0,201.0
Puducherry,2009,Murder - Female Victims,2. Female Victims,1.0,10,,1.0,,3.0,5.0
Punjab,2009,Murder - Female Victims,2. Female Victims,14.0,203,6.0,15.0,8.0,92.0,68.0
Rajasthan,2009,Murder - Female Victims,2. Female Victims,35.0,328,8.0,13.0,8.0,150.0,114.0
Sikkim,2009,Murder - Female Victims,2. Female Victims,,6,,1.0,,3.0,2.0
Tamil Nadu,2009,Murder - Female Victims,2. Female Victims,93.0,587,6.0,45.0,5.0,214.0,224.0
Tripura,2009,Murder - Female Victims,2. Female Victims,4.0,57,3.0,4.0,3.0,22.0,21.0
Uttar Pradesh,2009,Murder - Female Victims,2. Female Victims,81.0,955,56.0,38.0,71.0,443.0,266.0
Uttarakhand,2009,Murder - Female Victims,2. Female Victims,1.0,51,1.0,1.0,,38.0,10.0
West Bengal,2009,Murder - Female Victims,2. Female Victims,25.0,693,5.0,2.0,4.0,409.0,248.0
Andaman & Nicobar Islands,2010,Murder - Female Victims,2. Female Victims,,5,,,2.0,,3.0
Andhra Pradesh,2010,Murder - Female Victims,2. Female Victims,143.0,624,12.0,15.0,6.0,235.0,213.0
Arunachal Pradesh,2010,Murder - Female Victims,2. Female Victims,0.0,2,0.0,0.0,0.0,2.0,0.0
Assam,2010,Murder - Female Victims,2. Female Victims,,86,,,,51.0,35.0
Bihar,2010,Murder - Female Victims,2. Female Victims,31.0,662,14.0,10.0,50.0,370.0,187.0
Chandigarh,2010,Murder - Female Victims,2. Female Victims,1.0,2,0.0,0.0,0.0,1.0,0.0
Chhattisgarh,2010,Murder - Female Victims,2. Female Victims,40.0,357,5.0,13.0,19.0,127.0,153.0
Dadra & Nagar Haveli,2010,Murder - Female Victims,2. Female Victims,,1,,,,1.0,
Delhi,2010,Murder - Female Victims,2. Female Victims,14.0,119,3.0,4.0,4.0,55.0,39.0
Goa,2010,Murder - Female Victims,2. Female Victims,0.0,7,0.0,0.0,1.0,5.0,1.0
Gujarat,2010,Murder - Female Victims,2. Female Victims,21.0,268,4.0,19.0,0.0,131.0,93.0
Haryana,2010,Murder - Female Victims,2. Female Victims,14.0,213,4.0,2.0,6.0,99.0,88.0
Himachal Pradesh,2010,Murder - Female Victims,2. Female Victims,2.0,28,0.0,3.0,0.0,11.0,12.0
Jammu & Kashmir,2010,Murder - Female Victims,2. Female Victims,3.0,30,0.0,1.0,0.0,15.0,11.0
Jharkhand,2010,Murder - Female Victims,2. Female Victims,12.0,256,0.0,0.0,1.0,141.0,102.0
Karnataka,2010,Murder - Female Victims,2. Female Victims,57.0,731,3.0,27.0,5.0,377.0,262.0
Kerala,2010,Murder - Female Victims,2. Female Victims,27.0,126,6.0,16.0,0.0,24.0,53.0
Madhya Pradesh,2010,Murder - Female Victims,2. Female Victims,60.0,551,13.0,21.0,9.0,246.0,202.0
Maharashtra,2010,Murder - Female Victims,2. Female Victims,84.0,1047,16.0,78.0,14.0,552.0,303.0
Manipur,2010,Murder - Female Victims,2. Female Victims,1.0,19,0.0,0.0,0.0,5.0,13.0
Meghalaya,2010,Murder - Female Victims,2. Female Victims,2.0,11,0.0,1.0,0.0,5.0,3.0
Mizoram,2010,Murder - Female Victims,2. Female Victims,1.0,8,0.0,0.0,1.0,0.0,6.0
Nagaland,2010,Murder - Female Victims,2. Female Victims,3.0,5,0.0,0.0,0.0,1.0,1.0
Odisha,2010,Murder - Female Victims,2. Female Victims,32.0,536,0.0,5.0,1.0,262.0,236.0
Puducherry,2010,Murder - Female Victims,2. Female Victims,,4,,,,3.0,1.0
Punjab,2010,Murder - Female Victims,2. Female Victims,21.0,242,6.0,11.0,6.0,107.0,91.0
Rajasthan,2010,Murder - Female Victims,2. Female Victims,32.0,306,8.0,14.0,9.0,130.0,113.0
Sikkim,2010,Murder - Female Victims,2. Female Victims,,8,1.0,1.0,,3.0,3.0
Tamil Nadu,2010,Murder - Female Victims,2. Female Victims,100.0,629,5.0,38.0,9.0,236.0,241.0
Tripura,2010,Murder - Female Victims,2. Female Victims,8.0,63,1.0,,0.0,24.0,30.0
Uttar Pradesh,2010,Murder - Female Victims,2. Female Victims,56.0,859,30.0,62.0,47.0,421.0,243.0
Uttarakhand,2010,Murder - Female Victims,2. Female Victims,6.0,44,,,2.0,25.0,11.0
West Bengal,2010,Murder - Female Victims,2. Female Victims,36.0,893,3.0,2.0,2.0,542.0,308.0
